{
  "distance": {
    "measured": [
      1.0231472868217053,
      1.73176,
      2.53759,
      3.5865204081632656,
      4.576212765957447,
      5.524698795180724
    ],
    "ground_truth": [
      1.0,
      2.0,
      3.0,
      4.0,
      5.0,
      6.0
    ]
  },
  "velocity": {
    "measured": [],
    "ground_truth": []
  },
  "timestamp": "2025-11-29T14:39:57.247102"
}